,Mean Error (%),Std Error (%),Median Error (%),Min Error (%),Max Error (%)
boiler temp for 50 L with solar system,4.27071812390602,4.131457634245887,3.0434884807449434,0.0016535854669547695,30.671987270249897
boiler temp for 50 L without solar system,3.9654095839985857,3.6597595065093134,2.735455223684908,0.00022871115597141765,23.51702192011155
boiler temp for 100 L with solar system,3.9735856098302804,3.783708728765041,2.7622668103819237,0.0005254205667747641,24.55893923745164
boiler temp for 100 L without solar system,4.229203851717996,3.585549035023123,3.229764992146185,0.0028045260203810557,20.771000898225594
boiler temp for 150 L with solar system,3.150270990980712,2.762224956942118,2.4437343889774095,0.0015281838592762957,21.66117227388201
boiler temp for 150 L without solar system,3.9891868729001354,3.700654314398604,2.7896599440308902,0.0008015770620895087,20.09436809735556
