,Mean Error (%),Std Error (%),Median Error (%),Min Error (%),Max Error (%)
boiler temp for 50 L with solar system,11.735934721671752,14.857315906129863,6.038350563601034,0.0006539481026785714,122.92225222339685
boiler temp for 50 L without solar system,4.674082005034675,4.548186591114588,3.1083669510993372,0.0003163866272630639,41.271635287069856
boiler temp for 100 L with solar system,8.835807382167898,10.756756182967203,4.944100521072485,4.617247843641263e-06,93.15941502012724
boiler temp for 100 L without solar system,5.18705750158111,4.818141747073804,3.9597171349761395,0.004028756707842336,43.808456567617554
boiler temp for 150 L with solar system,7.920344215184173,9.780090427925415,4.351752820641056,0.0006036945082650846,93.43746887458549
boiler temp for 150 L without solar system,5.221280500060864,5.615173815843049,3.4828128968100875,0.0009653366058827014,60.08567810058594
