,Mean Error (%),Std Error (%),Median Error (%),Min Error (%),Max Error (%)
boiler temp for 50 L with solar system,12.217584238370957,15.983264059525924,6.107846450715465,0.006224537084840469,126.4806895568958
boiler temp for 50 L without solar system,4.657217747694752,4.61059969458493,2.9727555956169134,0.002012434639017769,41.204872424222685
boiler temp for 100 L with solar system,9.151416462056368,11.796144970581816,4.764095319643875,0.002398537200634034,102.84531433458272
boiler temp for 100 L without solar system,5.398968621743051,4.95551195994249,4.1038196855495706,0.0001498432372704629,42.18234381897611
boiler temp for 150 L with solar system,8.130523674765687,10.43327044608651,4.404493538787263,0.00022595324115701624,98.54240571921653
boiler temp for 150 L without solar system,5.22240406024428,5.073661702143571,3.907201860950541,0.0012088983311755203,47.67557755471193
