,Mean Error (%),Std Error (%),Median Error (%),Min Error (%),Max Error (%)
boiler temp for 50 L with solar system,5.251486484251125,4.415564842611977,4.041114050005753,0.005680207283266129,26.544944626609663
boiler temp for 50 L without solar system,3.6705298840772866,3.730657825513565,2.4544634160615235,0.00031580085681159024,31.083630859734736
boiler temp for 100 L with solar system,4.5662159642200955,3.7071707963356983,3.6488795490549473,0.00019564740735550636,19.950558999719203
boiler temp for 100 L without solar system,4.2315731233334795,3.885374541881335,3.0919222944068148,0.0012234943669074535,22.789325970584255
boiler temp for 150 L with solar system,4.0777179397275285,3.411444592280897,3.278230997883331,0.002031763287563555,21.18797277994998
boiler temp for 150 L without solar system,4.225980950318729,3.7185729159848773,3.2308572726159333,0.004685420408804326,22.115580699934423
