,Mean Error (%),Std Error (%),Median Error (%),Min Error (%),Max Error (%)
boiler temp for 50 L with solar system,7.60633761809675,9.58629239064662,4.115144031373725,0.000531886396172927,75.50535233830658
boiler temp for 50 L without solar system,4.116829392218532,3.719918881006441,2.9453051866158875,0.0009089061729592547,23.596770092121613
boiler temp for 100 L with solar system,5.846938442033305,6.395440228496142,3.2503038684169017,0.001124129806336044,41.49637174526717
boiler temp for 100 L without solar system,2.8798948588943305,3.16753268386699,1.578832244141564,0.001588055179991882,18.76364714444179
boiler temp for 150 L with solar system,5.107387026201611,5.353358169961993,2.8242992430986353,0.0029347590022130183,30.17780338417249
boiler temp for 150 L without solar system,3.15777934922076,2.606337788498294,2.4277486082343573,0.001862656732596478,15.990812919999906
