,Mean Error (%),Std Error (%),Median Error (%),Min Error (%),Max Error (%)
boiler temp for 50 L with solar system,7.438230796197974,7.522294319983696,4.8434697920471255,0.0006028890916622807,51.94366691359292
boiler temp for 50 L without solar system,3.0335869333788814,3.2511988195606905,1.9407652781907383,0.00040924175871723197,19.876338673286696
boiler temp for 100 L with solar system,6.793248820450183,6.069684417416699,5.161026860244657,0.0021522288034686605,40.35797443519644
boiler temp for 100 L without solar system,3.0663801557438464,3.152395342085324,2.047822297425368,0.0016492359824989797,20.417770355163455
boiler temp for 150 L with solar system,5.699323743416126,5.178415223129122,4.19293766981008,0.001831867045395309,29.959047167567064
boiler temp for 150 L without solar system,3.303994275187763,3.294646862276489,2.3412453479952853,0.0004678046399566476,22.02947643556361
