,Mean Error (%),Std Error (%),Median Error (%),Min Error (%),Max Error (%)
boiler temp for 50 L with solar system,6.964921830298986,8.855890477885165,3.6953121026819344,0.0005179908771876622,73.31640927940973
boiler temp for 50 L without solar system,3.2844988890396527,3.2912238657219857,2.2594402997921614,0.00021293083357007823,20.19156638086807
boiler temp for 100 L with solar system,5.439401506853136,6.1492991903207,2.784603769509176,0.002682150483324188,36.070239067387575
boiler temp for 100 L without solar system,3.3377494224567394,2.6599542613948643,2.718368612202063,0.00033132082601844426,15.288401293432873
boiler temp for 150 L with solar system,4.852584731242153,5.4256114712261505,2.356012550485703,0.0023964367412879317,30.411232671430028
boiler temp for 150 L without solar system,3.0361775021032082,2.264542206575764,2.5863265622284715,0.002428961535926752,14.291009403182205
