,Mean Error (%),Std Error (%),Median Error (%),Min Error (%),Max Error (%)
boiler temp for 50 L with solar system,5.547597663861585,4.927204167291087,4.140013270291236,0.0026867232895730246,28.596337221309966
boiler temp for 50 L without solar system,4.977575069310132,4.894604278444567,3.50841913404899,0.0004889918308614631,43.811556127850686
boiler temp for 100 L with solar system,6.321937171601577,6.678425937259693,4.095455452766814,0.00033599297094293946,36.274825777145985
boiler temp for 100 L without solar system,5.184152353373643,5.193268849434343,3.464711257396404,0.0009667403479858123,40.77363787470636
boiler temp for 150 L with solar system,4.5863231465473495,4.3084588930547705,3.3279402721415323,0.0013839148182352044,27.04131441092311
boiler temp for 150 L without solar system,4.97148608897962,4.952892164185621,3.416043941816989,0.002033805172134179,42.083462763569464
